variable,non_missing,missing_pct,mean,median,min,max
global_sales,22766,65.98,0.45373275937802193,0.13,0,82.74
na_sales,19969,70.16,0.2513566027342495,0.08,0,41.49
eu_sales,20413,69.5,0.13914711213442835,0.02,0,29.02
jp_sales,19059,71.52,0.08050842121832891,0,0,10.22
other_sales,21255,68.24,0.04372571159727239,0.01,0,10.57
price,14843,77.82,18.241903927777418,14.99,0,199.99
userscore,20543,69.3,78.42725015820488,82,4,100
competitors,63911,4.5,3198.3028899563456,2770,0,9119
