"Attribute","Score"
"market_share_pct",899.540383217556
"platform",398.077916815175
"specific_genre",150.094241613772
"release_period",50.8047274784682
"competitors",32.4322190386971
