"Attribute","Score"
"market_share_pct",924.139605593589
"platform",386.287292945806
"specific_genre",183.678348243683
"competitors",38.1505942811103
"release_period",30.1404350686732
